Time__s_,x50kHz_ND2
0.0033983805179596,45
0.00679676103591919,44
0.0101951415538788,42
0.0135935220718384,38
0.016991902589798,29
0.0203902831077576,47
0.0237886636257172,43
0.0271870441436768,943
0.0305854246616364,1000
0.0339838051795959,889
0.0373821856975555,802
0.0407805662155151,770
0.0441789467334747,737
0.0475773272514343,726
0.0509757077693939,672
0.0543740882873535,718
0.0577724688053131,650
0.0611708493232727,673
0.0645692298412323,633
0.0679676103591919,706
0.0713659908771515,682
0.0747643713951111,626
0.0781627519130707,623
0.0815611324310303,671
0.0849595129489899,639
0.0883578934669495,670
0.0917562739849091,674
0.0951546545028687,694
0.0985530350208283,648
0.101951415538788,653
0.105349796056747,619
0.108748176574707,638
0.112146557092667,613
0.115544937610626,642
0.118943318128586,655
0.122341698646545,671
0.125740079164505,667
0.129138459682465,613
0.132536840200424,631
0.135935220718384,645
0.139333601236343,600
0.142731981754303,639
0.146130362272263,631
0.149528742790222,632
0.152927123308182,621
0.156325503826141,615
0.159723884344101,582
0.163122264862061,646
0.16652064538002,614
0.16991902589798,643
0.173317406415939,633
0.176715786933899,672
0.180114167451859,582
0.183512547969818,647
0.186910928487778,590
0.190309309005737,600
0.193707689523697,574
0.197106070041657,545
0.200504450559616,581
0.203902831077576,627
0.207301211595535,607
0.210699592113495,666
0.214097972631454,563
0.217496353149414,582
0.220894733667374,627
0.224293114185333,590
0.227691494703293,602
0.231089875221252,593
0.234488255739212,588
0.237886636257172,639
0.241285016775131,588
0.244683397293091,592
0.24808177781105,600
0.25148015832901,594
0.25487853884697,581
0.258276919364929,576
0.261675299882889,634
0.265073680400848,604
0.268472060918808,599
0.271870441436768,580
0.275268821954727,567
0.278667202472687,607
0.282065582990646,641
0.285463963508606,601
0.288862344026566,637
0.292260724544525,597
0.295659105062485,586
0.299057485580444,605
0.302455866098404,558
0.305854246616364,583
0.309252627134323,600
0.312651007652283,619
0.316049388170242,549
0.319447768688202,582
0.322846149206162,577
0.326244529724121,573
0.329642910242081,624
0.33304129076004,576
0.336439671278,604
0.339838051795959,580
0.343236432313919,578
0.346634812831879,547
0.350033193349838,587
0.353431573867798,603
0.356829954385757,582
0.360228334903717,566
0.363626715421677,580
0.367025095939636,581
0.370423476457596,533
0.373821856975555,566
0.377220237493515,575
0.380618618011475,531
0.384016998529434,610
0.387415379047394,540
0.390813759565353,596
0.394212140083313,563
0.397610520601273,596
0.401008901119232,514
0.404407281637192,558
0.407805662155151,615
0.411204042673111,592
0.414602423191071,586
0.41800080370903,587
0.42139918422699,591
0.424797564744949,572
0.428195945262909,557
0.431594325780869,546
0.434992706298828,567
0.438391086816788,591
0.441789467334747,577
0.445187847852707,581
0.448586228370667,587
0.451984608888626,572
0.455382989406586,579
0.458781369924545,580
0.462179750442505,576
0.465578130960465,568
0.468976511478424,602
0.472374891996384,551
0.475773272514343,591
0.479171653032303,594
0.482570033550263,598
0.485968414068222,563
0.489366794586182,560
0.492765175104141,571
0.496163555622101,533
0.49956193614006,503
0.50296031665802,511
0.50635869717598,583
0.509757077693939,544
0.513155458211899,570
0.516553838729858,558
0.519952219247818,547
0.523350599765778,578
0.526748980283737,536
0.530147360801697,564
0.533545741319656,568
0.536944121837616,560
0.540342502355576,517
0.543740882873535,553
0.547139263391495,574
0.550537643909454,554
0.553936024427414,554
0.557334404945374,545
0.560732785463333,520
0.564131165981293,519
0.567529546499252,513
0.570927927017212,550
0.574326307535172,516
0.577724688053131,555
0.581123068571091,517
0.58452144908905,579
0.58791982960701,548
0.59131821012497,528
0.594716590642929,552
0.598114971160889,550
0.601513351678848,563
0.604911732196808,556
0.608310112714768,528
0.611708493232727,502
0.615106873750687,533
0.618505254268646,525
0.621903634786606,548
0.625302015304566,503
0.628700395822525,554
0.632098776340485,562
0.635497156858444,524
0.638895537376404,553
0.642293917894364,502
0.645692298412323,539
0.649090678930283,535
0.652489059448242,551
0.655887439966202,515
0.659285820484162,511
0.662684201002121,524
0.666082581520081,538
0.66948096203804,533
0.672879342556,561
0.676277723073959,513
0.679676103591919,556
0.683074484109879,503
0.686472864627838,540
0.689871245145798,479
0.693269625663757,527
0.696668006181717,543
0.700066386699677,545
0.703464767217636,519
0.706863147735596,525
0.710261528253555,499
0.713659908771515,537
0.717058289289475,471
0.720456669807434,535
0.723855050325394,546
0.727253430843353,508
0.730651811361313,509
0.734050191879273,527
0.737448572397232,549
0.740846952915192,547
0.744245333433151,562
0.747643713951111,524
0.751042094469071,522
0.75444047498703,487
0.75783885550499,527
0.761237236022949,539
0.764635616540909,571
0.768033997058868,519
0.771432377576828,534
0.774830758094788,504
0.778229138612747,530
0.781627519130707,516
0.785025899648666,535
0.788424280166626,517
0.791822660684586,528
0.795221041202545,506
0.798619421720505,539
0.802017802238465,521
0.805416182756424,463
0.808814563274384,506
0.812212943792343,503
0.815611324310303,518
0.819009704828263,528
0.822408085346222,527
0.825806465864182,486
0.829204846382141,474
0.832603226900101,503
0.83600160741806,483
0.83939998793602,499
0.84279836845398,535
0.846196748971939,508
0.849595129489899,482
0.852993510007858,525
0.856391890525818,534
0.859790271043778,489
0.863188651561737,468
0.866587032079697,532
0.869985412597656,494
0.873383793115616,489
0.876782173633576,550
0.880180554151535,537
0.883578934669495,509
0.886977315187454,531
0.890375695705414,518
0.893774076223374,554
0.897172456741333,481
0.900570837259293,496
0.903969217777252,517
0.907367598295212,501
0.910765978813172,515
0.914164359331131,503
0.917562739849091,520
0.92096112036705,499
0.92435950088501,531
0.92775788140297,501
0.931156261920929,484
0.934554642438889,465
0.937953022956848,510
0.941351403474808,480
0.944749783992767,510
0.948148164510727,541
0.951546545028687,519
0.954944925546646,463
0.958343306064606,504
0.961741686582565,443
0.965140067100525,492
0.968538447618485,523
0.971936828136444,508
0.975335208654404,475
0.978733589172363,461
0.982131969690323,496
0.985530350208283,458
0.988928730726242,477
0.992327111244202,478
0.995725491762161,522
0.999123872280121,475
1.00252225279808,449
1.00592063331604,498
1.009319013834,514
1.01271739435196,485
1.01611577486992,513
1.01951415538788,445
1.02291253590584,467
1.0263109164238,466
1.02970929694176,500
1.03310767745972,502
1.03650605797768,484
1.03990443849564,475
1.0433028190136,508
1.04670119953156,443
1.05009958004951,516
1.05349796056747,455
1.05689634108543,468
1.06029472160339,470
1.06369310212135,463
1.06709148263931,464
1.07048986315727,494
1.07388824367523,491
1.07728662419319,479
1.08068500471115,483
1.08408338522911,466
1.08748176574707,492
1.09088014626503,515
1.09427852678299,462
1.09767690730095,494
1.10107528781891,484
1.10447366833687,474
1.10787204885483,474
1.11127042937279,470
1.11466880989075,515
1.11806719040871,465
1.12146557092667,447
1.12486395144463,474
1.12826233196259,516
1.13166071248055,478
1.1350590929985,500
1.13845747351646,436
1.14185585403442,471
1.14525423455238,456
1.14865261507034,478
1.1520509955883,471
1.15544937610626,471
1.15884775662422,500
1.16224613714218,462
1.16564451766014,446
1.1690428981781,476
1.17244127869606,412
1.17583965921402,493
1.17923803973198,461
1.18263642024994,477
1.1860348007679,476
1.18943318128586,497
1.19283156180382,460
1.19622994232178,454
1.19962832283974,464
1.2030267033577,500
1.20642508387566,488
1.20982346439362,469
1.21322184491158,478
1.21662022542954,462
1.22001860594749,459
1.22341698646545,458
1.22681536698341,434
1.23021374750137,466
1.23361212801933,457
1.23701050853729,451
1.24040888905525,443
1.24380726957321,467
1.24720565009117,497
1.25060403060913,425
1.25400241112709,454
1.25740079164505,458
1.26079917216301,441
1.26419755268097,447
1.26759593319893,501
1.27099431371689,447
1.27439269423485,433
1.27779107475281,465
1.28118945527077,467
1.28458783578873,467
1.28798621630669,464
1.29138459682465,402
1.29478297734261,446
1.29818135786057,464
1.30157973837853,492
1.30497811889648,456
1.30837649941444,460
1.3117748799324,435
1.31517326045036,414
1.31857164096832,434
1.32197002148628,449
1.32536840200424,421
1.3287667825222,454
1.33216516304016,432
1.33556354355812,459
1.33896192407608,439
1.34236030459404,448
1.345758685112,456
1.34915706562996,467
1.35255544614792,434
1.35595382666588,471
1.35935220718384,479
1.3627505877018,449
1.36614896821976,452
1.36954734873772,436
1.37294572925568,438
1.37634410977364,467
1.3797424902916,456
1.38314087080956,431
1.38653925132751,475
1.38993763184547,418
1.39333601236343,466
1.39673439288139,461
1.40013277339935,437
1.40353115391731,444
1.40692953443527,456
1.41032791495323,448
1.41372629547119,451
1.41712467598915,419
1.42052305650711,474
1.42392143702507,473
1.42731981754303,428
1.43071819806099,424
1.43411657857895,459
1.43751495909691,448
1.44091333961487,447
1.44431172013283,455
1.44771010065079,452
1.45110848116875,474
1.45450686168671,426
1.45790524220467,466
1.46130362272263,428
1.46470200324059,439
1.46810038375855,405
1.4714987642765,432
1.47489714479446,449
1.47829552531242,403
1.48169390583038,408
1.48509228634834,439
1.4884906668663,436
1.49188904738426,438
1.49528742790222,438
1.49868580842018,420
1.50208418893814,494
1.5054825694561,408
1.50888094997406,446
1.51227933049202,453
1.51567771100998,444
1.51907609152794,391
1.5224744720459,475
1.52587285256386,444
1.52927123308182,425
1.53266961359978,412
1.53606799411774,451
1.5394663746357,451
1.54286475515366,448
1.54626313567162,435
1.54966151618958,462
1.55305989670753,451
1.55645827722549,417
1.55985665774345,447
1.56325503826141,409
1.56665341877937,450
1.57005179929733,436
1.57345017981529,417
1.57684856033325,413
1.58024694085121,437
1.58364532136917,425
1.58704370188713,442
1.59044208240509,410
1.59384046292305,443
1.59723884344101,423
1.60063722395897,425
1.60403560447693,427
1.60743398499489,447
1.61083236551285,395
1.61423074603081,422
1.61762912654877,432
1.62102750706673,449
1.62442588758469,410
1.62782426810265,425
1.63122264862061,444
1.63462102913857,394
1.63801940965653,411
1.64141779017448,415
1.64481617069244,418
1.6482145512104,410
1.65161293172836,419
1.65501131224632,390
1.65840969276428,441
1.66180807328224,402
1.6652064538002,407
1.66860483431816,409
1.67200321483612,410
1.67540159535408,422
1.67879997587204,406
1.68219835639,416
1.68559673690796,406
1.68899511742592,441
1.69239349794388,408
1.69579187846184,408
1.6991902589798,415
1.70258863949776,416
1.70598702001572,430
1.70938540053368,384
1.71278378105164,424
1.7161821615696,390
1.71958054208756,448
1.72297892260551,440
1.72637730312347,382
1.72977568364143,405
1.73317406415939,443
1.73657244467735,393
1.73997082519531,398
1.74336920571327,391
1.74676758623123,433
1.75016596674919,397
1.75356434726715,410
1.75696272778511,438
1.76036110830307,422
1.76375948882103,379
1.76715786933899,394
1.77055624985695,423
1.77395463037491,424
1.77735301089287,408
1.78075139141083,405
1.78414977192879,438
1.78754815244675,388
1.79094653296471,384
1.79434491348267,423
1.79774329400063,377
1.80114167451859,396
1.80454005503655,401
1.8079384355545,420
1.81133681607246,397
1.81473519659042,426
1.81813357710838,406
1.82153195762634,407
1.8249303381443,420
1.82832871866226,388
1.83172709918022,428
1.83512547969818,425
1.83852386021614,393
1.8419222407341,429
1.84532062125206,413
1.84871900177002,403
1.85211738228798,367
1.85551576280594,416
1.8589141433239,381
1.86231252384186,410
1.86571090435982,410
1.86910928487778,419
1.87250766539574,378
1.8759060459137,442
1.87930442643166,432
1.88270280694962,419
1.88610118746758,399
1.88949956798553,406
1.89289794850349,396
1.89629632902145,365
1.89969470953941,416
1.90309309005737,341
1.90649147057533,367
1.90988985109329,384
1.91328823161125,417
1.91668661212921,398
1.92008499264717,370
1.92348337316513,444
1.92688175368309,380
1.93028013420105,387
1.93367851471901,407
1.93707689523697,385
1.94047527575493,367
1.94387365627289,402
1.94727203679085,379
1.95067041730881,375
1.95406879782677,342
1.95746717834473,410
1.96086555886269,389
1.96426393938065,359
1.96766231989861,383
1.97106070041657,379
1.97445908093452,380
1.97785746145248,381
1.98125584197044,363
1.9846542224884,350
1.98805260300636,384
1.99145098352432,397
1.99484936404228,385
1.99824774456024,364
2.0016461250782,412
2.00504450559616,390
2.00844288611412,401
2.01184126663208,405
2.01523964715004,375
2.018638027668,382
2.02203640818596,372
2.02543478870392,394
2.02883316922188,406
2.03223154973984,388
2.0356299302578,416
2.03902831077576,403
2.04242669129372,354
2.04582507181168,400
2.04922345232964,393
2.0526218328476,392
2.05602021336556,405
2.05941859388351,385
2.06281697440147,365
2.06621535491943,376
2.06961373543739,363
2.07301211595535,344
2.07641049647331,346
2.07980887699127,369
2.08320725750923,383
2.08660563802719,391
2.09000401854515,377
2.09340239906311,395
2.09680077958107,369
2.10019916009903,367
2.10359754061699,352
2.10699592113495,352
2.11039430165291,378
2.11379268217087,369
2.11719106268883,369
2.12058944320679,363
2.12398782372475,397
2.12738620424271,330
2.13078458476067,376
2.13418296527863,368
2.13758134579659,387
2.14097972631454,376
2.1443781068325,364
2.14777648735046,383
2.15117486786842,392
2.15457324838638,346
2.15797162890434,372
2.1613700094223,380
2.16476838994026,353
2.16816677045822,379
2.17156515097618,360
2.17496353149414,366
2.1783619120121,351
2.18176029253006,402
2.18515867304802,403
2.18855705356598,359
2.19195543408394,363
2.1953538146019,383
2.19875219511986,334
2.20215057563782,395
2.20554895615578,409
2.20894733667374,330
2.2123457171917,338
2.21574409770966,357
2.21914247822762,354
2.22254085874558,363
2.22593923926353,415
2.22933761978149,338
2.23273600029945,425
2.23613438081741,361
2.23953276133537,374
2.24293114185333,419
2.24632952237129,376
2.24972790288925,362
2.25312628340721,377
2.25652466392517,363
2.25992304444313,341
2.26332142496109,370
2.26671980547905,342
2.27011818599701,367
2.27351656651497,351
2.27691494703293,405
2.28031332755089,358
2.28371170806885,374
2.28711008858681,368
2.29050846910477,364
2.29390684962273,351
2.29730523014069,392
2.30070361065865,379
2.30410199117661,361
2.30750037169457,376
2.31089875221252,371
2.31429713273048,343
2.31769551324844,383
2.3210938937664,360
2.32449227428436,352
2.32789065480232,370
2.33128903532028,317
2.33468741583824,340
2.3380857963562,303
2.34148417687416,362
2.34488255739212,356
2.34828093791008,359
2.35167931842804,336
2.355077698946,354
2.35847607946396,348
2.36187445998192,367
2.36527284049988,333
2.36867122101784,373
2.3720696015358,389
2.37546798205376,342
2.37886636257172,360
2.38226474308968,337
2.38566312360764,338
2.3890615041256,337
2.39245988464355,373
2.39585826516152,372
2.39925664567947,350
2.40265502619743,377
2.40605340671539,366
2.40945178723335,357
2.41285016775131,334
2.41624854826927,364
2.41964692878723,354
2.42304530930519,358
2.42644368982315,348
2.42984207034111,342
2.43324045085907,355
2.43663883137703,366
2.44003721189499,371
2.44343559241295,334
2.44683397293091,361
2.45023235344887,331
2.45363073396683,344
2.45702911448479,339
2.46042749500275,337
2.46382587552071,346
2.46722425603867,335
2.47062263655663,358
2.47402101707459,335
2.47741939759254,355
2.4808177781105,316
2.48421615862846,359
2.48761453914642,329
2.49101291966438,343
2.49441130018234,345
2.4978096807003,326
2.50120806121826,342
2.50460644173622,344
2.50800482225418,337
2.51140320277214,359
2.5148015832901,305
2.51819996380806,320
2.52159834432602,334
2.52499672484398,326
2.52839510536194,339
2.5317934858799,339
2.53519186639786,358
2.53859024691582,379
2.54198862743378,350
2.54538700795174,360
2.5487853884697,343
2.55218376898766,344
2.55558214950562,342
2.55898053002357,327
2.56237891054153,352
2.56577729105949,335
2.56917567157745,324
2.57257405209541,336
2.57597243261337,354
2.57937081313133,349
2.58276919364929,315
2.58616757416725,357
2.58956595468521,333
2.59296433520317,334
2.59636271572113,322
2.59976109623909,343
2.60315947675705,342
2.60655785727501,308
2.60995623779297,300
2.61335461831093,372
2.61675299882889,315
2.62015137934685,331
2.62354975986481,345
2.62694814038277,310
2.63034652090073,352
2.63374490141869,317
2.63714328193665,346
2.64054166245461,331
2.64394004297257,313
2.64733842349052,346
2.65073680400848,348
2.65413518452644,314
2.6575335650444,354
2.66093194556236,316
2.66433032608032,342
2.66772870659828,329
2.67112708711624,279
2.6745254676342,369
2.67792384815216,329
2.68132222867012,292
2.68472060918808,336
2.68811898970604,327
2.691517370224,318
2.69491575074196,328
2.69831413125992,330
2.70171251177788,297
2.70511089229584,327
2.7085092728138,344
2.71190765333176,337
2.71530603384972,332
2.71870441436768,363
2.72210279488564,324
2.7255011754036,336
2.72889955592156,323
2.73229793643951,324
2.73569631695747,336
2.73909469747543,337
2.74249307799339,318
2.74589145851135,312
2.74928983902931,336
2.75268821954727,299
2.75608660006523,306
2.75948498058319,328
2.76288336110115,347
2.76628174161911,318
2.76968012213707,338
2.77307850265503,282
2.77647688317299,325
2.77987526369095,322
2.78327364420891,302
2.78667202472687,326
2.79007040524483,344
2.79346878576279,320
2.79686716628075,326
2.80026554679871,321
2.80366392731667,340
2.80706230783463,308
2.81046068835259,323
2.81385906887055,311
2.8172574493885,341
2.82065582990646,324
2.82405421042442,324
2.82745259094238,324
2.83085097146034,355
2.8342493519783,313
2.83764773249626,297
2.84104611301422,298
2.84444449353218,341
2.84784287405014,328
2.8512412545681,319
2.85463963508606,323
2.85803801560402,313
2.86143639612198,332
2.86483477663994,339
2.8682331571579,337
2.87163153767586,317
2.87502991819382,337
2.87842829871178,345
2.88182667922974,329
2.8852250597477,329
2.88862344026566,304
2.89202182078362,297
2.89542020130158,298
2.89881858181953,300
2.90221696233749,311
2.90561534285545,344
2.90901372337341,344
2.91241210389137,296
2.91581048440933,314
2.91920886492729,322
2.92260724544525,324
2.92600562596321,323
2.92940400648117,293
2.93280238699913,301
2.93620076751709,297
2.93959914803505,344
2.94299752855301,340
2.94639590907097,324
2.94979428958893,302
2.95319267010689,333
2.95659105062485,305
2.95998943114281,334
2.96338781166077,323
2.96678619217873,321
2.97018457269669,258
2.97358295321465,325
2.97698133373261,340
2.98037971425057,313
2.98377809476852,305
2.98717647528648,305
2.99057485580444,334
2.9939732363224,328
2.99737161684036,283
3.00076999735832,286
3.00416837787628,298
3.00756675839424,327
3.0109651389122,356
3.01436351943016,356
3.01776189994812,279
3.02116028046608,311
3.02455866098404,317
3.027957041502,312
3.03135542201996,334
3.03475380253792,331
3.03815218305588,332
3.04155056357384,334
3.0449489440918,299
3.04834732460976,310
3.05174570512772,315
3.05514408564568,308
3.05854246616364,303
3.0619408466816,316
3.06533922719955,294
3.06873760771751,296
3.07213598823547,284
3.07553436875343,295
3.07893274927139,284
3.08233112978935,299
3.08572951030731,304
3.08912789082527,308
3.09252627134323,306
3.09592465186119,282
3.09932303237915,286
3.10272141289711,291
3.10611979341507,300
3.10951817393303,353
3.11291655445099,290
3.11631493496895,307
3.11971331548691,312
3.12311169600487,308
3.12651007652283,279
3.12990845704079,324
3.13330683755875,334
3.13670521807671,277
3.14010359859467,306
3.14350197911263,346
3.14690035963059,292
3.15029874014854,294
3.1536971206665,298
3.15709550118446,296
3.16049388170242,281
3.16389226222038,314
3.16729064273834,286
3.1706890232563,287
3.17408740377426,300
3.17748578429222,293
3.18088416481018,292
3.18428254532814,325
3.1876809258461,298
3.19107930636406,288
3.19447768688202,308
3.19787606739998,323
3.20127444791794,270
3.2046728284359,291
3.20807120895386,322
3.21146958947182,270
3.21486796998978,297
3.21826635050774,281
3.2216647310257,298
3.22506311154366,302
3.22846149206162,321
3.23185987257957,323
3.23525825309753,335
3.23865663361549,270
3.24205501413345,324
3.24545339465141,307
3.24885177516937,312
3.25225015568733,259
3.25564853620529,273
3.25904691672325,311
3.26244529724121,276
3.26584367775917,305
3.26924205827713,265
3.27264043879509,290
3.27603881931305,317
3.27943719983101,275
3.28283558034897,284
3.28623396086693,295
3.28963234138489,300
3.29303072190285,288
3.29642910242081,324
3.29982748293877,290
3.30322586345673,283
3.30662424397469,271
3.31002262449265,278
3.31342100501061,264
3.31681938552856,286
3.32021776604652,302
3.32361614656448,288
3.32701452708244,303
3.3304129076004,301
3.33381128811836,288
3.33720966863632,303
3.34060804915428,269
3.34400642967224,297
3.3474048101902,295
3.35080319070816,298
3.35420157122612,286
3.35759995174408,273
3.36099833226204,272
3.36439671278,287
3.36779509329796,294
3.37119347381592,313
3.37459185433388,289
3.37799023485184,299
3.3813886153698,250
3.38478699588776,276
3.38818537640572,286
3.39158375692368,275
3.39498213744164,277
3.3983805179596,277
3.40177889847755,293
3.40517727899551,304
3.40857565951347,296
3.41197404003143,288
3.41537242054939,294
3.41877080106735,270
3.42216918158531,296
3.42556756210327,293
3.42896594262123,292
3.43236432313919,269
3.43576270365715,287
3.43916108417511,292
3.44255946469307,299
3.44595784521103,287
3.44935622572899,304
3.45275460624695,301
3.45615298676491,287
3.45955136728287,282
3.46294974780083,262
3.46634812831879,290
3.46974650883675,279
3.47314488935471,293
3.47654326987267,303
3.47994165039063,292
3.48334003090859,284
3.48673841142654,255
3.4901367919445,284
3.49353517246246,331
3.49693355298042,269
3.50033193349838,258
3.50373031401634,294
3.5071286945343,273
3.51052707505226,284
3.51392545557022,250
3.51732383608818,245
3.52072221660614,285
3.5241205971241,272
3.52751897764206,315
3.53091735816002,292
3.53431573867798,283
3.53771411919594,280
3.5411124997139,289
3.54451088023186,275
3.54790926074982,233
3.55130764126778,253
3.55470602178574,289
3.5581044023037,279
3.56150278282166,258
3.56490116333962,279
3.56829954385757,279
3.57169792437553,273
3.57509630489349,306
3.57849468541145,249
3.58189306592941,283
3.58529144644737,297
3.58868982696533,249
3.59208820748329,297
3.59548658800125,282
3.59888496851921,279
3.60228334903717,288
3.60568172955513,293
3.60908011007309,245
3.61247849059105,272
3.61587687110901,295
3.61927525162697,274
3.62267363214493,288
3.62607201266289,281
3.62947039318085,230
3.63286877369881,280
3.63626715421677,268
3.63966553473473,248
3.64306391525269,279
3.64646229577065,274
3.6498606762886,252
3.65325905680656,278
3.65665743732452,277
3.66005581784248,283
3.66345419836044,242
3.6668525788784,254
3.67025095939636,281
3.67364933991432,310
3.67704772043228,271
3.68044610095024,261
3.6838444814682,264
3.68724286198616,238
3.69064124250412,263
3.69403962302208,267
3.69743800354004,256
3.700836384058,246
3.70423476457596,268
3.70763314509392,255
3.71103152561188,263
3.71442990612984,266
3.7178282866478,243
3.72122666716576,265
3.72462504768372,293
3.72802342820168,282
3.73142180871964,282
3.73482018923759,258
3.73821856975555,272
3.74161695027351,274
3.74501533079147,245
3.74841371130943,272
3.75181209182739,259
3.75521047234535,258
3.75860885286331,271
3.76200723338127,259
3.76540561389923,262
3.76880399441719,253
3.77220237493515,238
3.77560075545311,267
3.77899913597107,252
3.78239751648903,262
3.78579589700699,265
3.78919427752495,277
3.79259265804291,258
3.79599103856087,246
3.79938941907883,288
3.80278779959679,240
3.80618618011475,242
3.80958456063271,275
3.81298294115067,287
3.81638132166863,269
3.81977970218658,236
3.82317808270454,226
3.8265764632225,252
3.82997484374046,286
3.83337322425842,283
3.83677160477638,259
3.84016998529434,261
3.8435683658123,279
3.84696674633026,283
3.85036512684822,241
3.85376350736618,259
3.85716188788414,291
3.8605602684021,238
3.86395864892006,256
3.86735702943802,249
3.87075540995598,229
3.87415379047394,264
3.8775521709919,227
3.88095055150986,253
3.88434893202782,244
3.88774731254578,256
3.89114569306374,268
3.8945440735817,233
3.89794245409966,238
3.90134083461761,263
3.90473921513558,229
3.90813759565353,257
3.91153597617149,251
3.91493435668945,254
3.91833273720741,264
3.92173111772537,261
3.92512949824333,230
3.92852787876129,243
3.93192625927925,250
3.93532463979721,251
3.93872302031517,256
3.94212140083313,275
3.94551978135109,234
3.94891816186905,250
3.95231654238701,279
3.95571492290497,245
3.95911330342293,267
3.96251168394089,261
3.96591006445885,279
3.96930844497681,275
3.97270682549477,275
3.97610520601273,221
3.97950358653069,252
3.98290196704865,228
3.98630034756661,267
3.98969872808457,266
3.99309710860252,271
3.99649548912048,259
3.99989386963844,246
4.0032922501564,272
4.00669063067436,257
4.01008901119232,249
4.01348739171028,256
4.01688577222824,250
4.0202841527462,267
4.02368253326416,221
4.02708091378212,259
4.03047929430008,227
4.03387767481804,223
4.037276055336,231
4.04067443585396,248
4.04407281637192,265
4.04747119688988,261
4.05086957740784,241
4.0542679579258,266
4.05766633844376,292
4.06106471896172,270
4.06446309947968,239
4.06786147999764,267
4.0712598605156,275
4.07465824103355,247
4.07805662155151,271
4.08145500206947,238
4.08485338258743,261
4.08825176310539,274
4.09165014362335,233
4.09504852414131,262
4.09844690465927,242
4.10184528517723,232
4.10524366569519,240
4.10864204621315,264
4.11204042673111,239
4.11543880724907,211
4.11883718776703,270
4.12223556828499,234
4.12563394880295,250
4.12903232932091,275
4.13243070983887,253
4.13582909035683,250
4.13922747087479,259
4.14262585139275,239
4.14602423191071,248
4.14942261242867,243
4.15282099294663,264
4.15621937346458,254
4.15961775398254,263
4.1630161345005,241
4.16641451501846,241
4.16981289553642,212
4.17321127605438,256
4.17660965657234,240
4.1800080370903,242
4.18340641760826,258
4.18680479812622,220
4.19020317864418,218
4.19360155916214,252
4.1969999396801,258
4.20039832019806,229
4.20379670071602,231
4.20719508123398,240
4.21059346175194,254
4.2139918422699,230
4.21739022278786,231
4.22078860330582,247
4.22418698382378,229
4.22758536434174,215
4.2309837448597,240
4.23438212537766,220
4.23778050589562,225
4.24117888641358,235
4.24457726693153,247
4.24797564744949,254
4.25137402796745,239
4.25477240848541,252
4.25817078900337,239
4.26156916952133,260
4.26496755003929,231
4.26836593055725,256
4.27176431107521,237
4.27516269159317,239
4.27856107211113,252
4.28195945262909,227
4.28535783314705,234
4.28875621366501,235
4.29215459418297,218
4.29555297470093,223
4.29895135521889,224
4.30234973573685,226
4.30574811625481,225
4.30914649677277,230
4.31254487729073,207
4.31594325780869,223
4.31934163832665,253
4.3227400188446,245
4.32613839936256,236
4.32953677988052,228
4.33293516039848,224
4.33633354091644,228
4.3397319214344,253
4.34313030195236,238
4.34652868247032,243
4.34992706298828,246
4.35332544350624,206
4.3567238240242,229
4.36012220454216,222
4.36352058506012,220
4.36691896557808,218
4.37031734609604,249
4.373715726614,225
4.37711410713196,254
4.38051248764992,234
4.38391086816788,223
4.38730924868584,234
4.3907076292038,250
4.39410600972176,234
4.39750439023972,252
4.40090277075768,252
4.40430115127564,245
4.40769953179359,227
4.41109791231155,239
4.41449629282951,203
4.41789467334747,214
4.42129305386543,245
4.42469143438339,228
4.42808981490135,218
4.43148819541931,206
4.43488657593727,238
4.43828495645523,219
4.44168333697319,237
4.44508171749115,228
4.44848009800911,222
4.45187847852707,235
4.45527685904503,204
4.45867523956299,222
4.46207362008095,257
4.46547200059891,196
4.46887038111687,253
4.47226876163483,263
4.47566714215279,245
4.47906552267075,241
4.48246390318871,243
4.48586228370667,240
4.48926066422463,239
4.49265904474259,255
4.49605742526054,222
4.4994558057785,212
4.50285418629646,221
4.50625256681442,238
4.50965094733238,230
4.51304932785034,228
4.5164477083683,230
4.51984608888626,200
4.52324446940422,232
4.52664284992218,237
4.53004123044014,201
4.5334396109581,237
4.53683799147606,231
4.54023637199402,209
4.54363475251198,247
4.54703313302994,231
4.5504315135479,215
4.55382989406586,216
4.55722827458382,229
4.56062665510178,208
4.56402503561974,221
4.5674234161377,207
4.57082179665566,255
4.57422017717361,226
4.57761855769157,223
4.58101693820953,245
4.58441531872749,244
4.58781369924545,214
4.59121207976341,208
4.59461046028137,230
4.59800884079933,223
4.60140722131729,209
4.60480560183525,237
4.60820398235321,225
4.61160236287117,210
4.61500074338913,217
4.61839912390709,228
4.62179750442505,219
4.62519588494301,243
4.62859426546097,212
4.63199264597893,225
4.63539102649689,252
4.63878940701485,221
4.64218778753281,248
4.64558616805077,235
4.64898454856873,211
4.65238292908669,236
4.65578130960465,227
4.65917969012261,204
4.66257807064057,222
4.66597645115852,207
4.66937483167648,193
4.67277321219444,221
4.6761715927124,201
4.67956997323036,224
4.68296835374832,221
4.68636673426628,209
4.68976511478424,226
4.6931634953022,221
4.69656187582016,194
4.69996025633812,216
4.70335863685608,235
4.70675701737404,208
4.710155397892,222
4.71355377840996,201
4.71695215892792,209
4.72035053944588,208
4.72374891996384,210
4.7271473004818,218
4.73054568099976,200
4.73394406151772,229
4.73734244203568,224
4.74074082255364,207
4.74413920307159,222
4.74753758358955,246
4.75093596410751,211
4.75433434462547,185
4.75773272514343,239
4.76113110566139,209
4.76452948617935,204
4.76792786669731,224
4.77132624721527,216
4.77472462773323,201
4.77812300825119,242
4.78152138876915,217
4.78491976928711,211
4.78831814980507,208
4.79171653032303,203
4.79511491084099,197
4.79851329135895,242
4.80191167187691,198
4.80531005239487,204
4.80870843291283,245
4.81210681343079,199
4.81550519394875,199
4.81890357446671,222
4.82230195498467,207
4.82570033550263,210
4.82909871602059,217
4.83249709653854,201
4.8358954770565,218
4.83929385757446,206
4.84269223809242,218
4.84609061861038,218
4.84948899912834,204
4.8528873796463,208
4.85628576016426,237
4.85968414068222,210
4.86308252120018,231
4.86648090171814,211
4.8698792822361,204
4.87327766275406,202
4.87667604327202,220
4.88007442378998,222
4.88347280430794,209
4.8868711848259,208
4.89026956534386,223
4.89366794586182,203
4.89706632637978,216
4.90046470689774,206
4.9038630874157,218
4.90726146793366,190
4.91065984845161,236
4.91405822896957,236
4.91745660948753,223
4.92085499000549,221
4.92425337052345,209
4.92765175104141,225
4.93105013155937,196
4.93444851207733,227
4.93784689259529,221
4.94124527311325,218
4.94464365363121,198
4.94804203414917,209
4.95144041466713,188
4.95483879518509,246
4.95823717570305,202
4.96163555622101,189
4.96503393673897,203
4.96843231725693,195
4.97183069777489,218
4.97522907829285,201
4.97862745881081,202
4.98202583932877,188
4.98542421984673,236
4.98882260036469,227
4.99222098088265,202
4.99561936140061,200
4.99901774191857,217
5.00241612243652,209
5.00581450295448,197
5.00921288347244,213
5.0126112639904,193
5.01600964450836,220
5.01940802502632,201
5.02280640554428,235
5.02620478606224,204
5.0296031665802,184
5.03300154709816,210
5.03639992761612,194
5.03979830813408,213
5.04319668865204,206
5.04659506917,235
5.04999344968796,218
5.05339183020592,186
5.05679021072388,230
5.06018859124184,221
5.0635869717598,192
5.06698535227776,209
5.07038373279572,193
5.07378211331368,197
5.07718049383164,203
5.08057887434959,227
5.08397725486755,192
5.08737563538551,192
5.09077401590347,194
5.09417239642143,210
5.09757077693939,198
5.10096915745735,185
5.10436753797531,210
5.10776591849327,206
5.11116429901123,169
5.11456267952919,195
5.11796106004715,215
5.12135944056511,238
5.12475782108307,184
5.12815620160103,218
5.13155458211899,176
5.13495296263695,192
5.13835134315491,212
5.14174972367287,197
5.14514810419083,226
5.14854648470879,177
5.15194486522675,205
5.15534324574471,185
5.15874162626267,190
5.16214000678063,220
5.16553838729858,185
5.16893676781654,199
5.1723351483345,194
5.17573352885246,202
5.17913190937042,192
5.18253028988838,213
5.18592867040634,192
5.1893270509243,174
5.19272543144226,201
5.19612381196022,190
5.19952219247818,182
5.20292057299614,217
5.2063189535141,206
5.20971733403206,201
5.21311571455002,185
5.21651409506798,205
5.21991247558594,216
5.2233108561039,207
5.22670923662186,228
5.23010761713982,198
5.23350599765778,209
5.23690437817574,201
5.2403027586937,221
5.24370113921166,206
5.24709951972961,212
5.25049790024757,177
5.25389628076553,235
5.25729466128349,191
5.26069304180145,179
5.26409142231941,180
5.26748980283737,200
5.27088818335533,215
5.27428656387329,209
5.27768494439125,223
5.28108332490921,204
5.28448170542717,196
5.28788008594513,184
5.29127846646309,201
5.29467684698105,206
5.29807522749901,203
5.30147360801697,185
5.30487198853493,192
5.30827036905289,212
5.31166874957085,190
5.31506713008881,196
5.31846551060677,198
5.32186389112473,174
5.32526227164269,179
5.32866065216065,193
5.3320590326786,189
5.33545741319656,199
5.33885579371452,180
5.34225417423248,182
5.34565255475044,180
5.3490509352684,210
5.35244931578636,197
5.35584769630432,177
5.35924607682228,187
5.36264445734024,217
5.3660428378582,175
5.36944121837616,188
5.37283959889412,188
5.37623797941208,184
5.37963635993004,179
5.383034740448,208
5.38643312096596,195
5.38983150148392,206
5.39322988200188,170
5.39662826251984,194
5.4000266430378,192
5.40342502355576,220
5.40682340407372,200
5.41022178459168,212
5.41362016510964,199
5.41701854562759,221
5.42041692614555,152
5.42381530666351,178
5.42721368718147,172
5.43061206769943,193
5.43401044821739,185
5.43740882873535,174
5.44080720925331,190
5.44420558977127,180
5.44760397028923,191
5.45100235080719,215
5.45440073132515,187
5.45779911184311,195
5.46119749236107,202
5.46459587287903,187
5.46799425339699,184
5.47139263391495,207
5.47479101443291,178
5.47818939495087,179
5.48158777546883,195
5.48498615598679,188
5.48838453650475,197
5.49178291702271,200
5.49518129754067,206
5.49857967805863,170
5.50197805857658,191
5.50537643909454,188
5.5087748196125,174
5.51217320013046,177
5.51557158064842,215
5.51896996116638,180
5.52236834168434,179
5.5257667222023,179
5.52916510272026,205
5.53256348323822,163
5.53596186375618,181
5.53936024427414,183
5.5427586247921,163
5.54615700531006,196
5.54955538582802,212
5.55295376634598,156
5.55635214686394,179
5.5597505273819,166
5.56314890789986,215
5.56654728841782,188
5.56994566893578,186
5.57334404945374,190
5.5767424299717,212
5.58014081048966,239
5.58353919100761,180
5.58693757152558,200
5.59033595204353,189
5.59373433256149,205
5.59713271307945,166
5.60053109359741,164
5.60392947411537,160
5.60732785463333,190
5.61072623515129,177
5.61412461566925,194
5.61752299618721,177
5.62092137670517,197
5.62431975722313,179
5.62771813774109,189
5.63111651825905,175
5.63451489877701,181
5.63791327929497,195
5.64131165981293,198
5.64471004033089,171
5.64810842084885,165
5.65150680136681,191
5.65490518188477,186
5.65830356240273,166
5.66170194292069,195
5.66510032343865,159
5.6684987039566,204
5.67189708447456,162
5.67529546499252,188
5.67869384551048,155
5.68209222602844,170
5.6854906065464,187
5.68888898706436,191
5.69228736758232,192
5.69568574810028,179
5.69908412861824,182
5.7024825091362,180
5.70588088965416,178
5.70927927017212,177
5.71267765069008,187
5.71607603120804,179
5.719474411726,198
5.72287279224396,163
5.72627117276192,183
5.72966955327988,192
5.73306793379784,177
5.7364663143158,181
5.73986469483376,171
5.74326307535172,170
5.74666145586967,171
5.75005983638763,190
5.7534582169056,177
5.75685659742356,180
5.76025497794151,171
5.76365335845947,175
5.76705173897743,181
5.77045011949539,213
5.77384850001335,177
5.77724688053131,169
5.78064526104927,192
5.78404364156723,180
5.78744202208519,180
5.79084040260315,173
5.79423878312111,175
5.79763716363907,179
5.80103554415703,161
5.80443392467499,159
5.80783230519295,190
5.81123068571091,171
5.81462906622887,187
5.81802744674683,185
5.82142582726479,162
5.82482420778275,186
5.82822258830071,147
5.83162096881867,174
5.83501934933663,192
5.83841772985458,193
5.84181611037254,165
5.8452144908905,168
5.84861287140846,164
5.85201125192642,162
5.85540963244438,198
5.85880801296234,184
5.8622063934803,190
5.86560477399826,183
5.86900315451622,162
5.87240153503418,169
5.87579991555214,193
5.8791982960701,196
5.88259667658806,155
5.88599505710602,173
5.88939343762398,184
5.89279181814194,182
5.8961901986599,157
5.89958857917786,171
5.90298695969582,183
5.90638534021378,197
5.90978372073174,180
5.9131821012497,176
5.91658048176765,171
5.91997886228561,188
5.92337724280357,184
5.92677562332153,174
5.93017400383949,182
5.93357238435745,156
5.93697076487541,183
5.94036914539337,167
5.94376752591133,168
5.94716590642929,178
5.95056428694725,148
5.95396266746521,162
5.95736104798317,177
5.96075942850113,184
5.96415780901909,152
5.96755618953705,179
5.97095457005501,171
5.97435295057297,187
5.97775133109093,172
5.98114971160889,159
5.98454809212685,192
5.98794647264481,180
5.99134485316277,191
5.99474323368073,176
5.99814161419869,159
6.00153999471665,169
6.0049383752346,165
6.00833675575256,188
6.01173513627052,166
6.01513351678848,195
6.01853189730644,169
6.0219302778244,162
6.02532865834236,171
6.02872703886032,165
6.03212541937828,163
6.03552379989624,164
6.0389221804142,199
6.04232056093216,167
6.04571894145012,141
6.04911732196808,166
6.05251570248604,161
6.055914083004,182
6.05931246352196,162
6.06271084403992,190
6.06610922455788,171
6.06950760507584,180
6.0729059855938,173
6.07630436611176,190
6.07970274662972,192
6.08310112714768,163
6.08649950766564,164
6.08989788818359,172
6.09329626870155,170
6.09669464921951,161
6.10009302973747,176
6.10349141025543,156
6.10688979077339,174
6.11028817129135,179
6.11368655180931,168
6.11708493232727,168
6.12048331284523,171
6.12388169336319,174
6.12728007388115,144
6.13067845439911,169
6.13407683491707,168
6.13747521543503,181
6.14087359595299,167
6.14427197647095,163
6.14767035698891,174
6.15106873750687,178
6.15446711802483,175
6.15786549854279,180
6.16126387906075,177
6.16466225957871,176
6.16806064009667,155
6.17145902061463,179
6.17485740113258,176
6.17825578165054,136
6.1816541621685,155
6.18505254268646,177
6.18845092320442,150
6.19184930372238,173
6.19524768424034,162
6.1986460647583,197
6.20204444527626,164
6.20544282579422,150
6.20884120631218,186
6.21223958683014,159
6.2156379673481,172
6.21903634786606,156
6.22243472838402,171
6.22583310890198,152
6.22923148941994,158
6.2326298699379,159
6.23602825045586,163
6.23942663097382,171
6.24282501149178,173
6.24622339200974,158
6.2496217725277,150
6.25302015304566,175
6.25641853356361,162
6.25981691408157,180
6.26321529459953,147
6.26661367511749,156
6.27001205563545,183
6.27341043615341,186
6.27680881667137,151
6.28020719718933,170
6.28360557770729,192
6.28700395822525,161
6.29040233874321,170
6.29380071926117,154
6.29719909977913,162
6.30059748029709,175
6.30399586081505,167
6.30739424133301,157
6.31079262185097,181
6.31419100236893,164
6.31758938288689,155
6.32098776340485,163
6.32438614392281,184
6.32778452444077,175
6.33118290495873,157
6.33458128547668,182
6.33797966599465,152
6.3413780465126,141
6.34477642703056,150
6.34817480754852,189
6.35157318806648,171
6.35497156858444,163
6.3583699491024,162
6.36176832962036,178
6.36516671013832,176
6.36856509065628,169
6.37196347117424,161
6.3753618516922,166
6.37876023221016,159
6.38215861272812,147
6.38555699324608,157
6.38895537376404,175
6.392353754282,153
6.39575213479996,159
6.39915051531792,154
6.40254889583588,163
6.40594727635384,154
6.4093456568718,146
6.41274403738976,153
6.41614241790772,177
6.41954079842568,152
6.42293917894364,131
6.42633755946159,164
6.42973593997955,158
6.43313432049751,164
6.43653270101547,154
6.43993108153343,164
6.44332946205139,159
6.44672784256935,152
6.45012622308731,165
6.45352460360527,154
6.45692298412323,159
6.46032136464119,140
6.46371974515915,147
6.46711812567711,139
6.47051650619507,140
6.47391488671303,155
6.47731326723099,146
6.48071164774895,155
6.48411002826691,181
6.48750840878487,174
6.49090678930283,145
6.49430516982079,150
6.49770355033875,149
6.50110193085671,152
6.50450031137466,172
6.50789869189262,151
6.51129707241058,143
6.51469545292854,168
6.5180938334465,136
6.52149221396446,162
6.52489059448242,166
6.52828897500038,142
6.53168735551834,154
6.5350857360363,150
6.53848411655426,174
6.54188249707222,153
6.54528087759018,179
6.54867925810814,176
6.5520776386261,168
6.55547601914406,157
6.55887439966202,138
6.56227278017998,174
6.56567116069794,153
6.5690695412159,166
6.57246792173386,153
6.57586630225182,145
6.57926468276978,154
6.58266306328774,152
6.5860614438057,149
6.58945982432366,138
6.59285820484161,142
6.59625658535957,157
6.59965496587753,163
6.60305334639549,159
6.60645172691345,142
6.60985010743141,158
6.61324848794937,139
6.61664686846733,158
6.62004524898529,142
6.62344362950325,171
6.62684201002121,158
6.63024039053917,168
6.63363877105713,154
6.63703715157509,163
6.64043553209305,139
6.64383391261101,154
6.64723229312897,147
6.65063067364693,125
6.65402905416489,157
6.65742743468285,113
6.66082581520081,169
6.66422419571877,126
6.66762257623673,154
6.67102095675469,140
6.67441933727264,154
6.6778177177906,179
6.68121609830856,143
6.68461447882652,150
6.68801285934448,160
6.69141123986244,148
6.6948096203804,159
6.69820800089836,141
6.70160638141632,162
6.70500476193428,169
6.70840314245224,156
6.7118015229702,177
6.71519990348816,164
6.71859828400612,132
6.72199666452408,162
6.72539504504204,147
6.72879342556,149
6.73219180607796,139
6.73559018659592,135
6.73898856711388,149
6.74238694763184,154
6.7457853281498,167
6.74918370866776,141
6.75258208918572,131
6.75598046970368,151
6.75937885022164,164
6.76277723073959,154
6.76617561125755,138
6.76957399177551,141
6.77297237229347,157
6.77637075281143,134
6.77976913332939,123
6.78316751384735,157
6.78656589436531,148
6.78996427488327,152
6.79336265540123,148
6.79676103591919,128
6.80015941643715,135
6.80355779695511,152
6.80695617747307,135
6.81035455799103,138
6.81375293850899,149
6.81715131902695,147
6.82054969954491,161
6.82394808006287,152
6.82734646058083,173
6.83074484109879,141
6.83414322161675,161
6.83754160213471,144
6.84093998265266,167
6.84433836317062,165
6.84773674368858,155
6.85113512420654,140
6.8545335047245,159
6.85793188524246,157
6.86133026576042,151
6.86472864627838,134
6.86812702679634,158
6.8715254073143,138
6.87492378783226,141
6.87832216835022,157
6.88172054886818,160
6.88511892938614,159
6.8885173099041,172
6.89191569042206,146
6.89531407094002,143
6.89871245145798,126
6.90211083197594,148
6.9055092124939,155
6.90890759301186,131
6.91230597352982,142
6.91570435404778,135
6.91910273456574,146
6.9225011150837,126
6.92589949560166,138
6.92929787611961,155
6.93269625663757,144
6.93609463715553,141
6.93949301767349,125
6.94289139819145,140
6.94628977870941,163
6.94968815922737,159
6.95308653974533,157
6.95648492026329,137
6.95988330078125,145
6.96328168129921,153
6.96668006181717,145
6.97007844233513,149
6.97347682285309,154
6.97687520337105,163
6.98027358388901,122
6.98367196440697,145
6.98707034492493,150
6.99046872544289,145
6.99386710596085,135
6.99726548647881,138
7.00066386699677,150
7.00406224751473,149
7.00746062803269,151
7.01085900855065,153
7.0142573890686,159
7.01765576958656,160
7.02105415010452,127
7.02445253062248,143
7.02785091114044,169
7.0312492916584,143
7.03464767217636,144
7.03804605269432,165
7.04144443321228,149
7.04484281373024,127
7.0482411942482,134
7.05163957476616,140
7.05503795528412,139
7.05843633580208,148
7.06183471632004,158
7.065233096838,143
7.06863147735596,119
7.07202985787392,147
7.07542823839188,149
7.07882661890984,151
7.0822249994278,136
7.08562337994576,143
7.08902176046372,153
7.09242014098167,135
7.09581852149963,149
7.09921690201759,141
7.10261528253555,134
7.10601366305351,133
7.10941204357147,134
7.11281042408943,153
7.11620880460739,148
7.11960718512535,139
7.12300556564331,150
7.12640394616127,136
7.12980232667923,129
7.13320070719719,134
7.13659908771515,146
7.13999746823311,131
7.14339584875107,177
7.14679422926903,133
7.15019260978699,145
7.15359099030495,142
7.15698937082291,139
7.16038775134087,146
7.16378613185883,153
7.16718451237679,134
7.17058289289475,133
7.17398127341271,140
7.17737965393067,142
7.18077803444863,137
7.18417641496658,145
7.18757479548454,148
7.1909731760025,122
7.19437155652046,139
7.19776993703842,129
7.20116831755638,164
7.20456669807434,149
7.2079650785923,159
7.21136345911026,135
7.21476183962822,149
7.21816022014618,139
7.22155860066414,129
7.2249569811821,137
7.22835536170006,136
7.23175374221802,135
7.23515212273598,152
7.23855050325394,115
7.2419488837719,140
7.24534726428986,132
7.24874564480782,132
7.25214402532578,153
7.25554240584374,133
7.2589407863617,139
7.26233916687965,155
7.26573754739761,119
7.26913592791557,130
7.27253430843353,121
7.27593268895149,122
7.27933106946945,145
7.28272944998741,136
7.28612783050537,148
7.28952621102333,142
7.29292459154129,140
7.29632297205925,149
7.29972135257721,131
7.30311973309517,136
7.30651811361313,134
7.30991649413109,150
7.31331487464905,142
7.31671325516701,146
7.32011163568497,149
7.32351001620293,148
7.32690839672089,135
7.33030677723885,143
7.33370515775681,137
7.33710353827477,153
7.34050191879273,149
7.34390029931069,140
7.34729867982865,121
7.3506970603466,143
7.35409544086456,157
7.35749382138252,144
7.36089220190048,131
7.36429058241844,166
7.3676889629364,148
7.37108734345436,120
7.37448572397232,135
7.37788410449028,142
7.38128248500824,129
7.3846808655262,134
7.38807924604416,130
7.39147762656212,141
7.39487600708008,147
7.39827438759804,149
7.401672768116,127
7.40507114863396,140
7.40846952915192,148
7.41186790966988,141
7.41526629018784,148
7.4186646707058,116
7.42206305122376,130
7.42546143174172,158
7.42885981225967,128
7.43225819277763,131
7.43565657329559,157
7.43905495381355,136
7.44245333433151,142
7.44585171484947,126
7.44925009536743,123
7.45264847588539,122
7.45604685640335,139
7.45944523692131,122
7.46284361743927,125
7.46624199795723,149
7.46964037847519,141
7.47303875899315,125
7.47643713951111,143
7.47983552002907,133
7.48323390054703,158
7.48663228106499,142
7.49003066158295,130
7.49342904210091,144
7.49682742261887,119
7.50022580313683,122
7.50362418365479,115
7.50702256417275,122
7.51042094469071,122
7.51381932520867,144
7.51721770572663,128
7.52061608624458,136
7.52401446676254,118
7.5274128472805,124
7.53081122779846,104
7.53420960831642,151
7.53760798883438,147
7.54100636935234,137
7.5444047498703,121
7.54780313038826,123
7.55120151090622,122
7.55459989142418,122
7.55799827194214,120
7.5613966524601,127
7.56479503297806,162
7.56819341349602,111
7.57159179401398,145
7.57499017453194,140
7.5783885550499,119
7.58178693556786,147
7.58518531608582,111
7.58858369660378,117
7.59198207712174,138
7.5953804576397,122
7.59877883815765,135
7.60217721867561,120
7.60557559919357,126
7.60897397971153,135
7.61237236022949,130
7.61577074074745,122
7.61916912126541,136
7.62256750178337,121
7.62596588230133,123
7.62936426281929,123
7.63276264333725,142
7.63616102385521,132
7.63955940437317,125
7.64295778489113,138
7.64635616540909,147
7.64975454592705,157
7.65315292644501,121
7.65655130696297,125
7.65994968748093,130
7.66334806799889,120
7.66674644851685,119
7.67014482903481,156
7.67354320955277,108
7.67694159007073,142
7.68033997058869,132
7.68373835110664,151
7.68713673162461,111
7.69053511214256,140
7.69393349266052,126
7.69733187317848,119
7.70073025369644,132
7.7041286342144,135
7.70752701473236,123
7.71092539525032,121
7.71432377576828,136
7.71772215628624,128
7.7211205368042,124
7.72451891732216,128
7.72791729784012,141
7.73131567835808,125
7.73471405887604,125
7.738112439394,133
7.74151081991196,132
7.74490920042992,112
7.74830758094788,142
7.75170596146584,94
7.7551043419838,146
7.75850272250176,123
7.76190110301972,122
7.76529948353767,148
7.76869786405563,108
7.77209624457359,106
7.77549462509155,119
7.77889300560951,122
7.78229138612747,123
7.78568976664543,145
7.78908814716339,142
7.79248652768135,148
7.79588490819931,154
7.79928328871727,125
7.80268166923523,130
7.80608004975319,117
7.80947843027115,114
7.81287681078911,130
7.81627519130707,127
7.81967357182503,115
7.82307195234299,124
7.82647033286095,119
7.82986871337891,104
7.83326709389687,117
7.83666547441483,117
7.84006385493279,117
7.84346223545075,127
7.84686061596871,123
7.85025899648666,133
7.85365737700462,111
7.85705575752259,111
7.86045413804054,107
7.8638525185585,120
7.86725089907646,104
7.87064927959442,155
7.87404766011238,109
7.87744604063034,123
7.8808444211483,126
7.88424280166626,119
7.88764118218422,132
7.89103956270218,134
7.89443794322014,135
7.8978363237381,133
7.90123470425606,131
7.90463308477402,126
7.90803146529198,155
7.91142984580994,131
7.9148282263279,129
7.91822660684586,128
7.92162498736382,150
7.92502336788178,125
7.92842174839974,123
7.9318201289177,119
7.93521850943565,113
7.93861688995361,127
7.94201527047157,134
7.94541365098953,121
7.94881203150749,133
7.95221041202545,115
7.95560879254341,132
7.95900717306137,134
7.96240555357933,124
7.96580393409729,125
7.96920231461525,115
7.97260069513321,144
7.97599907565117,139
7.97939745616913,96
7.98279583668709,129
7.98619421720505,128
7.98959259772301,123
7.99299097824097,110
7.99638935875893,111
7.99978773927689,134
8.00318611979485,113
8.00658450031281,109
8.00998288083077,119
8.01338126134873,116
8.01677964186669,104
8.02017802238464,105
8.0235764029026,122
8.02697478342056,106
8.03037316393852,142
8.03377154445648,117
8.03716992497444,130
8.0405683054924,129
8.04396668601036,133
8.04736506652832,125
8.05076344704628,130
8.05416182756424,114
8.0575602080822,113
8.06095858860016,120
8.06435696911812,120
8.06775534963608,116
8.07115373015404,113
8.074552110672,114
8.07795049118996,118
8.08134887170792,146
8.08474725222588,103
8.08814563274384,125
8.0915440132618,133
8.09494239377976,90
8.09834077429772,126
8.10173915481568,110
8.10513753533363,113
8.10853591585159,125
8.11193429636955,133
8.11533267688751,125
8.11873105740547,118
8.12212943792343,117
8.12552781844139,128
8.12892619895935,109
8.13232457947731,117
8.13572295999527,123
8.13912134051323,103
8.14251972103119,115
8.14591810154915,101
8.14931648206711,115
8.15271486258507,125
8.15611324310303,128
8.15951162362099,107
8.16291000413895,138
8.16630838465691,130
8.16970676517487,122
8.17310514569283,127
8.17650352621079,113
8.17990190672874,128
8.1833002872467,120
8.18669866776466,101
8.19009704828263,110
8.19349542880058,117
8.19689380931854,132
8.2002921898365,136
8.20369057035446,129
8.20708895087242,95
8.21048733139038,90
8.21388571190834,144
8.2172840924263,114
8.22068247294426,117
8.22408085346222,119
8.22747923398018,121
8.23087761449814,111
8.2342759950161,114
8.23767437553406,123
8.24107275605202,144
8.24447113656998,109
8.24786951708794,127
8.2512678976059,110
8.25466627812386,117
8.25806465864182,136
8.26146303915978,105
8.26486141967774,100
8.2682598001957,133
8.27165818071366,130
8.27505656123162,106
8.27845494174957,122
8.28185332226753,114
8.28525170278549,122
8.28865008330345,122
8.29204846382141,119
8.29544684433937,113
8.29884522485733,103
8.30224360537529,112
8.30564198589325,119
8.30904036641121,143
8.31243874692917,134
8.31583712744713,116
8.31923550796509,114
8.32263388848305,129
8.32603226900101,95
8.32943064951897,105
8.33282903003693,115
8.33622741055489,99
8.33962579107285,114
8.34302417159081,105
8.34642255210877,116
8.34982093262673,128
8.35321931314468,115
8.35661769366264,139
8.3600160741806,116
8.36341445469856,104
8.36681283521652,140
8.37021121573448,108
8.37360959625244,83
8.3770079767704,128
8.38040635728836,114
8.38380473780632,120
8.38720311832428,113
8.39060149884224,115
8.3939998793602,106
8.39739825987816,115
8.40079664039612,118
8.40419502091408,125
8.40759340143204,110
8.41099178195,129
8.41439016246796,141
8.41778854298592,127
8.42118692350388,108
8.42458530402184,100
8.4279836845398,118
8.43138206505776,117
8.43478044557571,129
8.43817882609367,129
8.44157720661163,116
8.44497558712959,127
8.44837396764755,93
8.45177234816551,122
8.45517072868347,107
8.45856910920143,113
8.46196748971939,126
8.46536587023735,112
8.46876425075531,139
8.47216263127327,111
8.47556101179123,103
8.47895939230919,112
8.48235777282715,114
8.48575615334511,126
8.48915453386307,133
8.49255291438103,125
8.49595129489899,109
8.49934967541695,125
8.50274805593491,134
8.50614643645287,92
8.50954481697083,109
8.51294319748879,109
8.51634157800675,113
8.51973995852471,108
8.52313833904267,120
8.52653671956062,111
8.52993510007859,121
8.53333348059654,120
8.5367318611145,93
8.54013024163246,115
8.54352862215042,114
8.54692700266838,102
8.55032538318634,112
8.5537237637043,117
8.55712214422226,91
8.56052052474022,115
8.56391890525818,114
8.56731728577614,107
8.5707156662941,124
8.57411404681206,121
8.57751242733002,119
8.58091080784798,110
8.58430918836594,111
8.5877075688839,102
8.59110594940186,103
8.59450432991982,116
8.59790271043778,119
8.60130109095574,105
8.6046994714737,96
8.60809785199165,107
8.61149623250961,97
8.61489461302757,130
8.61829299354553,107
8.62169137406349,94
8.62508975458145,109
8.62848813509941,101
8.63188651561737,121
8.63528489613533,128
8.63868327665329,94
8.64208165717125,100
8.64548003768921,111
8.64887841820717,125
8.65227679872513,97
8.65567517924309,121
8.65907355976105,99
8.66247194027901,114
8.66587032079697,132
8.66926870131493,122
8.67266708183289,94
8.67606546235085,115
8.67946384286881,105
8.68286222338677,133
8.68626060390473,124
8.68965898442269,118
8.69305736494064,111
8.6964557454586,112
8.69985412597656,127
8.70325250649452,124
8.70665088701248,123
8.71004926753044,129
8.7134476480484,116
8.71684602856636,126
8.72024440908432,126
8.72364278960228,92
8.72704117012024,132
8.7304395506382,99
8.73383793115616,122
8.73723631167412,112
8.74063469219208,116
8.74403307271004,109
8.747431453228,103
8.75082983374596,86
8.75422821426392,109
8.75762659478188,112
8.76102497529984,115
8.7644233558178,110
8.76782173633575,104
8.77122011685372,89
8.77461849737167,104
8.77801687788963,105
8.78141525840759,112
8.78481363892555,113
8.78821201944351,105
8.79161039996147,114
8.79500878047943,109
8.79840716099739,107
8.80180554151535,112
8.80520392203331,97
8.80860230255127,116
8.81200068306923,114
8.81539906358719,113
8.81879744410515,124
8.82219582462311,111
8.82559420514107,97
8.82899258565903,94
8.83239096617699,118
8.83578934669495,112
8.83918772721291,100
8.84258610773087,108
8.84598448824883,102
8.84938286876679,101
8.85278124928475,115
8.85617962980271,111
8.85957801032067,112
8.86297639083863,109
8.86637477135658,108
8.86977315187454,108
8.8731715323925,117
8.87656991291046,106
8.87996829342842,118
8.88336667394638,118
8.88676505446434,106
8.8901634349823,111
8.89356181550026,109
8.89696019601822,110
8.90035857653618,108
8.90375695705414,115
8.9071553375721,116
8.91055371809006,97
8.91395209860802,101
8.91735047912598,104
8.92074885964394,97
8.9241472401619,128
8.92754562067986,105
8.93094400119782,94
8.93434238171578,115
8.93774076223374,94
8.94113914275169,85
8.94453752326966,109
8.94793590378761,111
8.95133428430557,102
8.95473266482353,129
8.95813104534149,115
8.96152942585945,106
8.96492780637741,104
8.96832618689537,92
8.97172456741333,99
8.97512294793129,107
8.97852132844925,102
8.98191970896721,126
8.98531808948517,115
8.98871647000313,87
8.99211485052109,102
8.99551323103905,106
8.99891161155701,105
9.00230999207497,99
9.00570837259293,119
9.00910675311089,103
9.01250513362885,86
9.01590351414681,101
9.01930189466477,112
9.02270027518272,123
9.02609865570068,99
9.02949703621864,104
9.0328954167366,137
9.03629379725456,101
9.03969217777252,113
9.04309055829048,105
9.04648893880844,107
9.0498873193264,110
9.05328569984436,99
9.05668408036232,116
9.06008246088028,104
9.06348084139824,93
9.0668792219162,111
9.07027760243416,112
9.07367598295212,108
9.07707436347008,116
9.08047274398804,110
9.083871124506,108
9.08726950502396,109
9.09066788554192,92
9.09406626605988,96
9.09746464657784,112
9.1008630270958,96
9.10426140761376,110
9.10765978813171,106
9.11105816864967,120
9.11445654916763,111
9.1178549296856,101
9.12125331020355,100
9.12465169072151,90
9.12805007123947,94
9.13144845175743,103
9.13484683227539,90
9.13824521279335,120
9.14164359331131,110
9.14504197382927,97
9.14844035434723,101
9.15183873486519,91
9.15523711538315,106
9.15863549590111,96
9.16203387641907,105
9.16543225693703,89
9.16883063745499,97
9.17222901797295,100
9.17562739849091,107
9.17902577900887,106
9.18242415952683,112
9.18582254004479,95
9.18922092056275,129
9.19261930108071,126
9.19601768159866,123
9.19941606211662,101
9.20281444263459,103
9.20621282315254,110
9.2096112036705,92
9.21300958418846,83
9.21640796470642,115
9.21980634522438,111
9.22320472574234,120
9.2266031062603,92
9.23000148677826,109
9.23339986729622,94
9.23679824781418,113
9.24019662833214,79
9.2435950088501,108
9.24699338936806,98
9.25039176988602,87
9.25379015040398,96
9.25718853092194,99
9.2605869114399,129
9.26398529195786,101
9.26738367247582,102
9.27078205299378,94
9.27418043351174,130
9.2775788140297,106
9.28097719454765,89
9.28437557506561,94
9.28777395558357,90
9.29117233610153,100
9.29457071661949,90
9.29796909713745,95
9.30136747765541,101
9.30476585817337,83
9.30816423869133,96
9.31156261920929,110
9.31496099972725,115
9.31835938024521,115
9.32175776076317,88
9.32515614128113,107
9.32855452179909,123
9.33195290231705,115
9.33535128283501,87
9.33874966335297,103
9.34214804387093,106
9.34554642438889,86
9.34894480490685,106
9.35234318542481,114
9.35574156594276,85
9.35913994646073,110
9.36253832697868,96
9.36593670749664,127
9.3693350880146,105
9.37273346853256,107
9.37613184905052,86
9.37953022956848,96
9.38292861008644,102
9.3863269906044,112
9.38972537112236,107
9.39312375164032,98
9.39652213215828,104
9.39992051267624,94
9.4033188931942,114
9.40671727371216,106
9.41011565423012,116
9.41351403474808,108
9.41691241526604,108
9.420310795784,103
9.42370917630196,98
9.42710755681992,91
9.43050593733788,91
9.43390431785584,97
9.4373026983738,103
9.44070107889175,95
9.44409945940972,101
9.44749783992767,105
9.45089622044564,93
9.45429460096359,116
9.45769298148155,109
9.46109136199951,100
9.46448974251747,99
9.46788812303543,96
9.47128650355339,109
9.47468488407135,99
9.47808326458931,95
9.48148164510727,104
9.48488002562523,98
9.48827840614319,88
9.49167678666115,95
9.49507516717911,88
9.49847354769707,99
9.50187192821503,95
9.50527030873299,91
9.50866868925095,92
9.51206706976891,100
9.51546545028687,108
9.51886383080483,103
9.52226221132279,104
9.52566059184075,105
9.5290589723587,84
9.53245735287667,95
9.53585573339462,82
9.53925411391258,102
9.54265249443054,92
9.5460508749485,101
9.54944925546646,97
9.55284763598442,106
9.55624601650238,94
9.55964439702034,117
9.5630427775383,113
9.56644115805626,84
9.56983953857422,94
9.57323791909218,80
9.57663629961014,107
9.5800346801281,108
9.58343306064606,99
9.58683144116402,103
9.59022982168198,102
9.59362820219994,102
9.5970265827179,95
9.60042496323586,101
9.60382334375382,117
9.60722172427178,90
9.61062010478974,103
9.61401848530769,101
9.61741686582566,79
9.62081524634361,98
9.62421362686157,100
9.62761200737953,81
9.63101038789749,100
9.63440876841545,94
9.63780714893341,104
9.64120552945137,116
9.64460390996933,89
9.64800229048729,91
9.65140067100525,90
9.65479905152321,103
9.65819743204117,90
9.66159581255913,104
9.66499419307709,94
9.66839257359505,95
9.67179095411301,103
9.67518933463097,91
9.67858771514893,98
9.68198609566689,103
9.68538447618485,112
9.68878285670281,103
9.69218123722077,96
9.69557961773872,112
9.69897799825668,86
9.70237637877464,117
9.7057747592926,83
9.70917313981056,82
9.71257152032852,87
9.71596990084648,86
9.71936828136444,98
9.7227666618824,110
9.72616504240036,105
9.72956342291832,96
9.73296180343628,97
9.73636018395424,80
9.7397585644722,95
9.74315694499016,97
9.74655532550812,114
9.74995370602608,101
9.75335208654404,92
9.756750467062,83
9.76014884757996,97
9.76354722809792,91
9.76694560861588,97
9.77034398913383,98
9.7737423696518,104
9.77714075016975,100
9.78053913068772,88
9.78393751120568,96
9.78733589172363,111
9.7907342722416,107
9.79413265275955,97
9.79753103327751,84
9.80092941379547,104
9.80432779431343,85
9.80772617483139,114
9.81112455534935,96
9.81452293586731,98
9.81792131638527,97
9.82131969690323,95
9.82471807742119,88
9.82811645793915,87
9.83151483845711,98
9.83491321897507,92
9.83831159949303,78
9.84170998001099,122
9.84510836052895,111
9.84850674104691,107
9.85190512156487,83
9.85530350208283,91
9.85870188260079,107
9.86210026311875,116
9.86549864363671,106
9.86889702415466,94
9.87229540467262,80
9.87569378519058,93
9.87909216570854,88
9.8824905462265,92
9.88588892674446,108
9.88928730726242,94
9.89268568778038,87
9.89608406829834,83
9.8994824488163,87
9.90288082933426,85
9.90627920985222,84
9.90967759037018,89
9.91307597088814,91
9.9164743514061,101
9.91987273192406,87
9.92327111244202,97
9.92666949295998,98
9.93006787347794,96
9.9334662539959,105
9.93686463451386,84
9.94026301503182,96
9.94366139554977,80
9.94705977606774,95
9.95045815658569,97
9.95385653710365,101
9.95725491762161,103
9.96065329813957,110
9.96405167865753,98
9.96745005917549,105
9.97084843969345,112
9.97424682021141,81
9.97764520072937,82
9.98104358124733,78
9.98444196176529,101
9.98784034228325,104
9.99123872280121,104
9.99463710331917,108
9.99803548383713,92
10.0014338643551,82
10.004832244873,105
10.008230625391,74
10.011629005909,73
10.0150273864269,85
10.0184257669449,110
10.0218241474628,93
10.0252225279808,100
10.0286209084988,79
10.0320192890167,99
10.0354176695347,97
10.0388160500526,105
10.0422144305706,98
10.0456128110886,108
10.0490111916065,86
10.0524095721245,96
10.0558079526424,82
10.0592063331604,99
10.0626047136784,79
10.0660030941963,98
10.0694014747143,94
10.0727998552322,82
10.0761982357502,101
10.0795966162682,97
10.0829949967861,94
10.0863933773041,92
10.089791757822,100
10.09319013834,90
10.096588518858,81
10.0999868993759,89
10.1033852798939,91
10.1067836604118,95
10.1101820409298,74
10.1135804214478,83
10.1169788019657,110
10.1203771824837,106
10.1237755630016,99
10.1271739435196,68
10.1305723240376,95
10.1339707045555,92
10.1373690850735,101
10.1407674655914,99
10.1441658461094,80
10.1475642266274,74
10.1509626071453,83
10.1543609876633,93
10.1577593681812,85
10.1611577486992,85
10.1645561292171,107
10.1679545097351,92
10.1713528902531,87
10.174751270771,104
10.178149651289,91
10.1815480318069,101
10.1849464123249,95
10.1883447928429,90
10.1917431733608,90
10.1951415538788,91
10.1985399343967,83
10.2019383149147,96
10.2053366954327,87
10.2087350759506,100
10.2121334564686,80
10.2155318369865,100
10.2189302175045,95
10.2223285980225,93
10.2257269785404,91
10.2291253590584,90
10.2325237395763,90
10.2359221200943,94
10.2393205006123,82
10.2427188811302,76
10.2461172616482,90
10.2495156421661,100
10.2529140226841,90
10.2563124032021,100
10.25971078372,83
10.263109164238,87
10.2665075447559,92
10.2699059252739,89
10.2733043057919,77
10.2767026863098,83
10.2801010668278,86
10.2834994473457,83
10.2868978278637,88
10.2902962083817,93
10.2936945888996,91
10.2970929694176,84
10.3004913499355,74
10.3038897304535,83
10.3072881109715,92
10.3106864914894,86
10.3140848720074,103
10.3174832525253,82
10.3208816330433,104
10.3242800135613,89
10.3276783940792,87
10.3310767745972,67
10.3344751551151,101
10.3378735356331,88
10.341271916151,85
10.344670296669,94
10.348068677187,81
10.3514670577049,91
10.3548654382229,104
10.3582638187408,79
10.3616621992588,81
10.3650605797768,103
10.3684589602947,97
10.3718573408127,83
10.3752557213306,83
10.3786541018486,76
10.3820524823666,93
10.3854508628845,96
10.3888492434025,79
10.3922476239204,81
10.3956460044384,82
10.3990443849564,82
10.4024427654743,103
10.4058411459923,102
10.4092395265102,93
10.4126379070282,94
10.4160362875462,79
10.4194346680641,92
10.4228330485821,91
10.4262314291,89
10.429629809618,74
10.433028190136,84
10.4364265706539,83
10.4398249511719,73
10.4432233316898,84
10.4466217122078,90
10.4500200927258,76
10.4534184732437,73
10.4568168537617,80
10.4602152342796,100
10.4636136147976,87
10.4670119953156,99
10.4704103758335,86
10.4738087563515,82
10.4772071368694,79
10.4806055173874,83
10.4840038979054,105
10.4874022784233,80
10.4908006589413,90
10.4941990394592,79
10.4975974199772,91
10.5009958004951,83
10.5043941810131,89
10.5077925615311,89
10.511190942049,92
10.514589322567,105
10.5179877030849,88
10.5213860836029,93
10.5247844641209,75
10.5281828446388,106
10.5315812251568,86
10.5349796056747,77
10.5383779861927,89
10.5417763667107,79
10.5451747472286,74
10.5485731277466,87
10.5519715082645,84
10.5553698887825,83
10.5587682693005,79
10.5621666498184,80
10.5655650303364,86
10.5689634108543,68
10.5723617913723,82
10.5757601718903,93
10.5791585524082,85
10.5825569329262,87
10.5859553134441,106
10.5893536939621,101
10.5927520744801,77
10.596150454998,72
10.599548835516,68
10.6029472160339,70
10.6063455965519,96
10.6097439770699,87
10.6131423575878,75
10.6165407381058,85
10.6199391186237,90
10.6233374991417,73
10.6267358796597,81
10.6301342601776,73
10.6335326406956,92
10.6369310212135,93
10.6403294017315,80
10.6437277822495,65
10.6471261627674,82
10.6505245432854,81
10.6539229238033,94
10.6573213043213,78
10.6607196848393,78
10.6641180653572,65
10.6675164458752,74
10.6709148263931,79
10.6743132069111,61
10.677711587429,76
10.681109967947,70
10.684508348465,86
10.6879067289829,90
10.6913051095009,107
10.6947034900188,78
10.6981018705368,78
10.7015002510548,92
10.7048986315727,88
10.7082970120907,79
10.7116953926086,86
10.7150937731266,91
10.7184921536446,91
10.7218905341625,97
10.7252889146805,94
10.7286872951984,98
10.7320856757164,88
10.7354840562344,88
10.7388824367523,82
10.7422808172703,81
10.7456791977882,91
10.7490775783062,80
10.7524759588242,103
10.7558743393421,93
10.7592727198601,82
10.762671100378,71
10.766069480896,94
10.769467861414,81
10.7728662419319,79
10.7762646224499,97
10.7796630029678,77
10.7830613834858,72
10.7864597640038,96
10.7898581445217,74
10.7932565250397,89
10.7966549055576,68
10.8000532860756,90
10.8034516665936,95
10.8068500471115,86
10.8102484276295,90
10.8136468081474,85
10.8170451886654,81
10.8204435691834,77
10.8238419497013,77
10.8272403302193,70
10.8306387107372,80
10.8340370912552,86
10.8374354717731,87
10.8408338522911,75
10.8442322328091,77
10.847630613327,76
10.851028993845,78
10.8544273743629,79
10.8578257548809,79
10.8612241353989,83
10.8646225159168,77
10.8680208964348,103
10.8714192769527,86
10.8748176574707,87
10.8782160379887,84
10.8816144185066,88
10.8850127990246,90
10.8884111795425,84
10.8918095600605,89
10.8952079405785,79
10.8986063210964,85
10.9020047016144,85
10.9054030821323,85
10.9088014626503,95
10.9121998431683,79
10.9155982236862,93
10.9189966042042,81
10.9223949847221,83
10.9257933652401,78
10.9291917457581,86
10.932590126276,90
10.935988506794,91
10.9393868873119,80
10.9427852678299,81
10.9461836483479,94
10.9495820288658,89
10.9529804093838,89
10.9563787899017,92
10.9597771704197,82
10.9631755509377,93
10.9665739314556,95
10.9699723119736,77
10.9733706924915,79
10.9767690730095,86
10.9801674535275,94
10.9835658340454,91
10.9869642145634,81
10.9903625950813,79
10.9937609755993,80
10.9971593561173,87
11.0005577366352,73
11.0039561171532,67
11.0073544976711,70
11.0107528781891,97
11.014151258707,69
11.017549639225,80
11.020948019743,89
11.0243464002609,91
11.0277447807789,89
11.0311431612968,95
11.0345415418148,82
11.0379399223328,71
11.0413383028507,83
11.0447366833687,70
11.0481350638866,77
11.0515334444046,85
11.0549318249226,72
11.0583302054405,78
11.0617285859585,90
11.0651269664764,80
11.0685253469944,81
11.0719237275124,87
11.0753221080303,77
11.0787204885483,79
11.0821188690662,93
11.0855172495842,75
11.0889156301022,67
11.0923140106201,80
11.0957123911381,86
11.099110771656,64
11.102509152174,87
11.105907532692,79
11.1093059132099,71
11.1127042937279,78
11.1161026742458,83
11.1195010547638,93
11.1228994352818,86
11.1262978157997,80
11.1296961963177,78
11.1330945768356,75
11.1364929573536,56
11.1398913378716,75
11.1432897183895,80
11.1466880989075,73
11.1500864794254,76
11.1534848599434,83
11.1568832404614,74
11.1602816209793,74
11.1636800014973,81
11.1670783820152,86
11.1704767625332,82
11.1738751430512,76
11.1772735235691,67
11.1806719040871,72
11.184070284605,83
11.187468665123,77
11.1908670456409,82
11.1942654261589,92
11.1976638066769,84
11.2010621871948,74
11.2044605677128,96
11.2078589482307,87
11.2112573287487,93
11.2146557092667,85
11.2180540897846,94
11.2214524703026,63
11.2248508508205,68
11.2282492313385,85
11.2316476118565,73
11.2350459923744,84
11.2384443728924,75
11.2418427534103,82
11.2452411339283,66
11.2486395144463,82
11.2520378949642,76
11.2554362754822,84
11.2588346560001,93
11.2622330365181,79
11.2656314170361,77
11.269029797554,83
11.272428178072,97
11.2758265585899,78
11.2792249391079,72
11.2826233196259,78
11.2860217001438,77
11.2894200806618,74
11.2928184611797,78
11.2962168416977,84
11.2996152222157,97
11.3030136027336,61
11.3064119832516,73
11.3098103637695,63
11.3132087442875,82
11.3166071248055,67
11.3200055053234,77
11.3234038858414,70
11.3268022663593,92
11.3302006468773,74
11.3335990273953,76
11.3369974079132,71
11.3403957884312,78
11.3437941689491,67
11.3471925494671,82
11.350590929985,84
11.353989310503,78
11.357387691021,83
11.3607860715389,71
11.3641844520569,87
11.3675828325748,81
11.3709812130928,79
11.3743795936108,72
11.3777779741287,60
11.3811763546467,67
11.3845747351646,86
11.3879731156826,76
11.3913714962006,72
11.3947698767185,68
11.3981682572365,87
11.4015666377544,69
11.4049650182724,73
11.4083633987904,68
11.4117617793083,100
11.4151601598263,67
11.4185585403442,97
11.4219569208622,82
11.4253553013802,83
11.4287536818981,64
11.4321520624161,87
11.435550442934,84
11.438948823452,63
11.44234720397,74
11.4457455844879,80
11.4491439650059,83
11.4525423455238,77
11.4559407260418,91
11.4593391065598,70
11.4627374870777,68
11.4661358675957,80
11.4695342481136,69
11.4729326286316,81
11.4763310091496,76
11.4797293896675,82
11.4831277701855,83
11.4865261507034,78
11.4899245312214,80
11.4933229117393,78
11.4967212922573,61
11.5001196727753,83
11.5035180532932,85
11.5069164338112,70
11.5103148143291,81
11.5137131948471,78
11.5171115753651,72
11.520509955883,78
11.523908336401,87
11.5273067169189,82
11.5307050974369,51
11.5341034779549,77
11.5375018584728,77
11.5409002389908,74
11.5442986195087,85
11.5476970000267,77
11.5510953805447,84
11.5544937610626,82
11.5578921415806,61
11.5612905220985,88
11.5646889026165,79
11.5680872831345,73
11.5714856636524,79
11.5748840441704,77
11.5782824246883,69
11.5816808052063,65
11.5850791857243,64
11.5884775662422,77
11.5918759467602,69
11.5952743272781,75
11.5986727077961,69
11.6020710883141,66
11.605469468832,83
11.60886784935,86
11.6122662298679,86
11.6156646103859,63
11.6190629909039,96
11.6224613714218,98
11.6258597519398,62
11.6292581324577,92
11.6326565129757,83
11.6360548934937,80
11.6394532740116,73
11.6428516545296,70
11.6462500350475,77
11.6496484155655,88
11.6530467960835,89
11.6564451766014,77
11.6598435571194,86
11.6632419376373,85
11.6666403181553,78
11.6700386986733,77
11.6734370791912,76
11.6768354597092,85
11.6802338402271,74
11.6836322207451,88
11.687030601263,79
11.690428981781,72
11.693827362299,78
11.6972257428169,70
11.7006241233349,72
11.7040225038528,87
11.7074208843708,71
11.7108192648888,89
11.7142176454067,74
11.7176160259247,77
11.7210144064426,73
11.7244127869606,81
11.7278111674786,63
11.7312095479965,77
11.7346079285145,89
11.7380063090324,83
11.7414046895504,58
11.7448030700684,66
11.7482014505863,78
11.7515998311043,71
11.7549982116222,74
11.7583965921402,62
11.7617949726582,85
11.7651933531761,84
11.7685917336941,78
11.771990114212,76
11.77538849473,67
11.778786875248,70
11.7821852557659,81
11.7855836362839,84
11.7889820168018,73
11.7923803973198,85
11.7957787778378,73
11.7991771583557,74
11.8025755388737,68
11.8059739193916,70
11.8093722999096,95
11.8127706804276,60
11.8161690609455,73
11.8195674414635,81
11.8229658219814,82
11.8263642024994,96
11.8297625830174,87
11.8331609635353,65
11.8365593440533,66
11.8399577245712,67
11.8433561050892,64
11.8467544856071,54
11.8501528661251,73
11.8535512466431,79
11.856949627161,72
11.860348007679,80
11.8637463881969,72
11.8671447687149,63
11.8705431492329,78
11.8739415297508,85
11.8773399102688,72
11.8807382907867,67
11.8841366713047,75
11.8875350518227,77
11.8909334323406,76
11.8943318128586,87
11.8977301933765,72
11.9011285738945,63
11.9045269544125,63
11.9079253349304,74
11.9113237154484,84
11.9147220959663,67
11.9181204764843,74
11.9215188570023,67
11.9249172375202,80
11.9283156180382,85
11.9317139985561,78
11.9351123790741,74
11.9385107595921,76
11.94190914011,79
11.945307520628,69
11.9487059011459,62
11.9521042816639,73
11.9555026621819,67
11.9589010426998,71
11.9622994232178,66
11.9656978037357,65
11.9690961842537,64
11.9724945647717,86
11.9758929452896,75
11.9792913258076,69
11.9826897063255,77
11.9860880868435,76
11.9894864673615,76
11.9928848478794,88
11.9962832283974,69
11.9996816089153,68
12.0030799894333,65
12.0064783699512,73
12.0098767504692,63
12.0132751309872,58
12.0166735115051,60
12.0200718920231,63
12.023470272541,67
12.026868653059,74
12.030267033577,84
12.0336654140949,80
12.0370637946129,78
12.0404621751308,81
12.0438605556488,62
12.0472589361668,73
12.0506573166847,75
12.0540556972027,73
12.0574540777206,67
12.0608524582386,62
12.0642508387566,52
12.0676492192745,62
12.0710475997925,71
12.0744459803104,61
12.0778443608284,88
12.0812427413464,73
12.0846411218643,75
12.0880395023823,62
12.0914378829002,78
12.0948362634182,69
12.0982346439362,83
12.1016330244541,74
12.1050314049721,65
12.10842978549,72
12.111828166008,80
12.115226546526,65
12.1186249270439,82
12.1220233075619,80
12.1254216880798,68
12.1288200685978,69
12.1322184491158,78
12.1356168296337,73
12.1390152101517,68
12.1424135906696,56
12.1458119711876,97
12.1492103517056,75
12.1526087322235,70
12.1560071127415,90
12.1594054932594,61
12.1628038737774,71
12.1662022542954,66
12.1696006348133,90
12.1729990153313,57
12.1763973958492,68
12.1797957763672,74
12.1831941568851,69
12.1865925374031,79
12.1899909179211,84
12.193389298439,78
12.196787678957,70
12.2001860594749,62
12.2035844399929,68
12.2069828205109,84
12.2103812010288,74
12.2137795815468,75
12.2171779620647,71
12.2205763425827,65
12.2239747231007,68
12.2273731036186,78
12.2307714841366,69
12.2341698646545,72
12.2375682451725,59
12.2409666256905,67
12.2443650062084,63
12.2477633867264,85
12.2511617672443,70
12.2545601477623,72
12.2579585282803,65
12.2613569087982,59
12.2647552893162,83
12.2681536698341,67
12.2715520503521,76
12.2749504308701,63
12.278348811388,69
12.281747191906,79
12.2851455724239,66
12.2885439529419,76
12.2919423334599,84
12.2953407139778,72
12.2987390944958,77
12.3021374750137,79
12.3055358555317,59
12.3089342360497,78
12.3123326165676,65
12.3157309970856,74
12.3191293776035,74
12.3225277581215,67
12.3259261386395,72
12.3293245191574,68
12.3327228996754,58
12.3361212801933,68
12.3395196607113,61
12.3429180412293,71
12.3463164217472,78
12.3497148022652,75
12.3531131827831,72
12.3565115633011,79
12.359909943819,76
12.363308324337,66
12.366706704855,60
12.3701050853729,71
12.3735034658909,80
12.3769018464088,73
12.3803002269268,72
12.3836986074448,79
12.3870969879627,84
12.3904953684807,65
12.3938937489986,59
12.3972921295166,77
12.4006905100346,60
12.4040888905525,64
12.4074872710705,49
12.4108856515884,66
12.4142840321064,68
12.4176824126244,83
12.4210807931423,70
12.4244791736603,56
12.4278775541782,69
12.4312759346962,79
12.4346743152142,87
12.4380726957321,71
12.4414710762501,83
12.444869456768,70
12.448267837286,67
12.451666217804,65
12.4550645983219,66
12.4584629788399,66
12.4618613593578,66
12.4652597398758,71
12.4686581203938,80
12.4720565009117,76
12.4754548814297,81
12.4788532619476,58
12.4822516424656,70
12.4856500229836,60
12.4890484035015,64
12.4924467840195,56
12.4958451645374,80
12.4992435450554,68
12.5026419255734,65
12.5060403060913,57
12.5094386866093,77
12.5128370671272,75
12.5162354476452,53
12.5196338281631,69
12.5230322086811,60
12.5264305891991,60
12.529828969717,63
12.533227350235,82
12.5366257307529,75
12.5400241112709,73
12.5434224917889,58
12.5468208723068,63
12.5502192528248,89
12.5536176333427,74
12.5570160138607,75
12.5604143943787,78
12.5638127748966,63
12.5672111554146,75
12.5706095359325,68
12.5740079164505,62
12.5774062969685,73
12.5808046774864,72
12.5842030580044,64
12.5876014385223,64
12.5909998190403,66
12.5943981995583,88
12.5977965800762,58
12.6011949605942,68
12.6045933411121,76
12.6079917216301,78
12.6113901021481,72
12.614788482666,59
12.618186863184,60
12.6215852437019,75
12.6249836242199,70
12.6283820047379,60
12.6317803852558,57
12.6351787657738,74
12.6385771462917,66
12.6419755268097,85
12.6453739073277,70
12.6487722878456,74
12.6521706683636,67
12.6555690488815,75
12.6589674293995,92
12.6623658099175,51
12.6657641904354,68
12.6691625709534,61
12.6725609514713,59
12.6759593319893,66
12.6793577125072,84
12.6827560930252,54
12.6861544735432,68
12.6895528540611,77
12.6929512345791,65
12.696349615097,73
12.699747995615,72
12.703146376133,66
12.7065447566509,66
12.7099431371689,65
12.7133415176868,73
12.7167398982048,79
12.7201382787228,70
12.7235366592407,67
12.7269350397587,73
12.7303334202766,63
12.7337318007946,73
12.7371301813126,74
12.7405285618305,60
12.7439269423485,74
12.7473253228664,58
12.7507237033844,54
12.7541220839024,78
12.7575204644203,65
12.7609188449383,66
12.7643172254562,71
12.7677156059742,66
12.7711139864922,66
12.7745123670101,69
12.7779107475281,66
12.781309128046,64
12.784707508564,65
12.788105889082,66
12.7915042695999,60
12.7949026501179,84
12.7983010306358,86
12.8016994111538,76
12.8050977916718,69
12.8084961721897,60
12.8118945527077,68
12.8152929332256,66
12.8186913137436,65
12.8220896942616,74
12.8254880747795,80
12.8288864552975,67
12.8322848358154,70
12.8356832163334,96
12.8390815968514,82
12.8424799773693,83
12.8458783578873,73
12.8492767384052,67
12.8526751189232,83
12.8560734994411,71
12.8594718799591,69
12.8628702604771,56
12.866268640995,76
12.869667021513,70
12.8730654020309,90
12.8764637825489,70
12.8798621630669,80
12.8832605435848,85
12.8866589241028,86
12.8900573046207,64
12.8934556851387,65
12.8968540656567,64
12.9002524461746,61
12.9036508266926,61
12.9070492072105,60
12.9104475877285,84
12.9138459682465,65
12.9172443487644,67
12.9206427292824,64
12.9240411098003,62
12.9274394903183,54
12.9308378708363,67
12.9342362513542,63
12.9376346318722,64
12.9410330123901,73
12.9444313929081,60
12.9478297734261,64
12.951228153944,75
12.954626534462,52
12.9580249149799,71
12.9614232954979,76
12.9648216760159,76
12.9682200565338,69
12.9716184370518,58
12.9750168175697,61
12.9784151980877,53
12.9818135786057,56
12.9852119591236,58
12.9886103396416,64
12.9920087201595,65
12.9954071006775,62
12.9988054811955,60
13.0022038617134,52
13.0056022422314,65
13.0090006227493,68
13.0123990032673,66
13.0157973837852,60
13.0191957643032,62
13.0225941448212,79
13.0259925253391,61
13.0293909058571,63
13.032789286375,72
13.036187666893,85
13.039586047411,69
13.0429844279289,56
13.0463828084469,79
13.0497811889648,66
13.0531795694828,79
13.0565779500008,66
13.0599763305187,75
13.0633747110367,70
13.0667730915546,67
13.0701714720726,58
13.0735698525906,65
13.0769682331085,62
13.0803666136265,61
13.0837649941444,67
13.0871633746624,64
13.0905617551804,80
13.0939601356983,63
13.0973585162163,65
13.1007568967342,63
13.1041552772522,74
13.1075536577702,54
13.1109520382881,62
13.1143504188061,60
13.117748799324,57
13.121147179842,66
13.12454556036,64
13.1279439408779,75
13.1313423213959,55
13.1347407019138,48
13.1381390824318,68
13.1415374629498,68
13.1449358434677,68
13.1483342239857,71
13.1517326045036,71
13.1551309850216,60
13.1585293655396,61
13.1619277460575,68
13.1653261265755,52
13.1687245070934,59
13.1721228876114,51
13.1755212681294,74
13.1789196486473,84
13.1823180291653,77
13.1857164096832,66
13.1891147902012,74
13.1925131707191,58
13.1959115512371,46
13.1993099317551,70
13.202708312273,65
13.206106692791,74
13.2095050733089,55
13.2129034538269,82
13.2163018343449,65
13.2197002148628,76
13.2230985953808,76
13.2264969758987,76
13.2298953564167,65
13.2332937369347,72
13.2366921174526,67
13.2400904979706,60
13.2434888784885,46
13.2468872590065,66
13.2502856395245,67
13.2536840200424,66
13.2570824005604,62
13.2604807810783,67
13.2638791615963,66
13.2672775421143,76
13.2706759226322,81
13.2740743031502,67
13.2774726836681,67
13.2808710641861,60
13.2842694447041,72
13.287667825222,68
13.29106620574,73
13.2944645862579,56
13.2978629667759,70
13.3012613472939,86
13.3046597278118,71
13.3080581083298,57
13.3114564888477,62
13.3148548693657,64
13.3182532498837,82
13.3216516304016,69
13.3250500109196,71
13.3284483914375,68
13.3318467719555,47
13.3352451524735,56
13.3386435329914,68
13.3420419135094,56
13.3454402940273,72
13.3488386745453,72
13.3522370550632,68
13.3556354355812,58
13.3590338160992,63
13.3624321966171,70
13.3658305771351,49
13.369228957653,64
13.372627338171,53
13.376025718689,62
13.3794240992069,68
13.3828224797249,60
13.3862208602428,63
13.3896192407608,57
13.3930176212788,75
13.3964160017967,53
13.3998143823147,64
13.4032127628326,69
13.4066111433506,67
13.4100095238686,53
13.4134079043865,69
13.4168062849045,75
13.4202046654224,59
13.4236030459404,62
13.4270014264584,57
13.4303998069763,64
13.4337981874943,63
13.4371965680122,69
13.4405949485302,72
13.4439933290482,68
13.4473917095661,66
13.4507900900841,53
13.454188470602,60
13.45758685112,66
13.460985231638,80
13.4643836121559,68
13.4677819926739,65
13.4711803731918,43
13.4745787537098,59
13.4779771342278,63
13.4813755147457,71
13.4847738952637,65
13.4881722757816,55
13.4915706562996,75
13.4949690368176,55
13.4983674173355,74
13.5017657978535,66
13.5051641783714,52
13.5085625588894,64
13.5119609394074,65
13.5153593199253,78
13.5187577004433,81
13.5221560809612,54
13.5255544614792,61
13.5289528419971,59
13.5323512225151,60
13.5357496030331,67
13.539147983551,65
13.542546364069,58
13.5459447445869,53
13.5493431251049,79
13.5527415056229,76
13.5561398861408,80
13.5595382666588,61
13.5629366471767,58
13.5663350276947,61
13.5697334082127,63
13.5731317887306,61
13.5765301692486,78
13.5799285497665,69
13.5833269302845,61
13.5867253108025,67
13.5901236913204,63
13.5935220718384,66
13.5969204523563,55
13.6003188328743,65
13.6037172133923,51
13.6071155939102,51
13.6105139744282,64
13.6139123549461,61
13.6173107354641,51
13.6207091159821,56
13.6241074965,63
13.627505877018,68
13.6309042575359,66
13.6343026380539,63
13.6377010185719,65
13.6410993990898,61
13.6444977796078,66
13.6478961601257,69
13.6512945406437,43
13.6546929211617,65
13.6580913016796,54
13.6614896821976,60
13.6648880627155,73
13.6682864432335,62
13.6716848237515,69
13.6750832042694,73
13.6784815847874,62
13.6818799653053,58
13.6852783458233,53
13.6886767263412,56
13.6920751068592,69
13.6954734873772,58
13.6988718678951,62
13.7022702484131,58
13.705668628931,60
13.709067009449,72
13.712465389967,67
13.7158637704849,59
13.7192621510029,57
13.7226605315208,55
13.7260589120388,62
13.7294572925568,61
13.7328556730747,63
13.7362540535927,66
13.7396524341106,63
13.7430508146286,73
13.7464491951466,55
13.7498475756645,67
13.7532459561825,72
13.7566443367004,59
13.7600427172184,66
13.7634410977364,56
13.7668394782543,68
13.7702378587723,65
13.7736362392902,63
13.7770346198082,77
13.7804330003262,68
13.7838313808441,60
13.7872297613621,61
13.79062814188,52
13.794026522398,63
13.797424902916,58
13.8008232834339,66
13.8042216639519,64
13.8076200444698,56
13.8110184249878,61
13.8144168055058,69
13.8178151860237,49
13.8212135665417,58
13.8246119470596,64
13.8280103275776,60
13.8314087080956,66
13.8348070886135,51
13.8382054691315,69
13.8416038496494,64
13.8450022301674,68
13.8484006106854,58
13.8517989912033,76
13.8551973717213,50
13.8585957522392,71
13.8619941327572,66
13.8653925132751,54
13.8687908937931,55
13.8721892743111,60
13.875587654829,48
13.878986035347,59
13.8823844158649,60
13.8857827963829,61
13.8891811769009,48
13.8925795574188,50
13.8959779379368,59
13.8993763184547,72
13.9027746989727,60
13.9061730794907,76
13.9095714600086,72
13.9129698405266,53
13.9163682210445,54
13.9197666015625,60
